date,avg_temperature,precipitation,rain_sum,snowfall_sum,shortwave_radiation_sum
2020-02-01,3.8,1.0,1.0,0.0,3.81
2020-02-02,6.9,1.6,1.6,0.0,5.91
2020-02-03,3.3,3.7,3.7,0.0,1.65
2020-02-04,2.2,0.8,0.8,0.0,8.0
2020-02-05,0.7,17.9,8.6,6.51,1.66
2020-02-06,-2.0,0.6,0.0,0.42,6.41
2020-02-07,-4.6,1.1,0.0,0.77,8.81
2020-02-08,-6.7,0.0,0.0,0.0,9.13
2020-02-09,-4.8,0.0,0.0,0.0,7.58
2020-02-10,-1.6,1.9,1.9,0.0,7.08
2020-02-11,2.6,11.2,6.2,3.5,6.81
2020-02-12,1.5,4.5,1.8,1.89,5.89
2020-02-13,0.5,0.5,0.2,0.21,6.38
2020-02-14,2.0,0.0,0.0,0.0,7.81
2020-02-15,1.8,0.0,0.0,0.0,7.86
2020-02-16,1.9,0.0,0.0,0.0,8.86
2020-02-17,2.6,0.0,0.0,0.0,10.02
2020-02-18,4.6,0.5,0.5,0.0,7.35
2020-02-19,4.1,0.0,0.0,0.0,9.69
2020-02-20,1.4,0.0,0.0,0.0,9.52
2020-02-21,0.0,0.0,0.0,0.0,6.75
2020-02-22,0.6,0.0,0.0,0.0,8.09
2020-02-23,3.5,1.2,1.2,0.0,5.71
2020-02-24,3.1,5.6,5.5,0.07,4.62
2020-02-25,2.6,0.0,0.0,0.0,8.45
2020-02-26,5.8,0.0,0.0,0.0,8.32
2020-02-27,5.3,3.2,3.2,0.0,8.87
2020-02-28,2.5,3.2,2.9,0.21,10.98
2020-02-29,0.9,0.1,0.1,0.0,11.6
2020-03-01,3.5,0.0,0.0,0.0,12.04
2020-03-02,5.2,3.9,3.9,0.0,4.49
2020-03-03,8.2,0.0,0.0,0.0,10.11
2020-03-04,10.6,0.0,0.0,0.0,13.09
2020-03-05,10.3,0.0,0.0,0.0,10.13
2020-03-06,10.0,0.0,0.0,0.0,12.31
2020-03-07,8.5,0.4,0.4,0.0,6.22
2020-03-08,8.5,1.6,1.6,0.0,6.62
2020-03-09,10.8,0.6,0.6,0.0,11.21
2020-03-10,10.1,0.4,0.4,0.0,13.06
2020-03-11,9.6,2.0,2.0,0.0,11.34
2020-03-12,10.1,0.0,0.0,0.0,15.52
2020-03-13,10.8,8.3,8.3,0.0,10.32
2020-03-14,5.6,1.5,1.5,0.0,14.96
2020-03-15,-0.4,0.1,0.0,0.07,15.08
2020-03-16,-0.2,0.0,0.0,0.0,17.28
2020-03-17,2.2,0.0,0.0,0.0,10.86
2020-03-18,2.2,0.0,0.0,0.0,17.49
2020-03-19,6.6,0.0,0.0,0.0,16.64
2020-03-20,7.8,0.0,0.0,0.0,16.75
2020-03-21,5.3,4.6,4.6,0.0,5.54
2020-03-22,3.0,2.8,2.8,0.0,8.95
2020-03-23,-0.6,0.0,0.0,0.0,17.69
2020-03-24,-0.5,0.0,0.0,0.0,19.03
2020-03-25,2.0,0.0,0.0,0.0,19.03
2020-03-26,5.0,0.0,0.0,0.0,18.69
2020-03-27,8.4,0.0,0.0,0.0,15.24
2020-03-28,9.3,0.0,0.0,0.0,17.96
2020-03-29,9.5,0.0,0.0,0.0,12.09
2020-03-30,9.1,0.0,0.0,0.0,18.01
2020-03-31,0.6,0.0,0.0,0.0,12.81
2020-04-01,0.8,0.0,0.0,0.0,20.38
2020-04-02,4.2,0.0,0.0,0.0,20.75
2020-04-03,6.1,0.0,0.0,0.0,21.11
2020-04-04,7.4,0.1,0.1,0.0,18.83
2020-04-05,6.3,0.0,0.0,0.0,21.41
2020-04-06,6.4,0.0,0.0,0.0,21.72
2020-04-07,7.8,0.0,0.0,0.0,20.66
2020-04-08,11.8,0.0,0.0,0.0,21.83
2020-04-09,10.8,0.0,0.0,0.0,22.0
2020-04-10,10.7,2.9,2.9,0.0,15.7
2020-04-11,8.5,0.0,0.0,0.0,16.69
2020-04-12,6.1,0.0,0.0,0.0,22.73
2020-04-13,10.7,0.0,0.0,0.0,22.4
2020-04-14,8.6,6.4,6.4,0.0,13.8
2020-04-15,5.9,0.3,0.3,0.0,15.17
2020-04-16,12.0,0.0,0.0,0.0,18.02
2020-04-17,11.7,0.0,0.0,0.0,16.96
2020-04-18,9.0,0.0,0.0,0.0,22.57
2020-04-19,9.5,0.0,0.0,0.0,22.35
2020-04-20,7.7,0.0,0.0,0.0,17.91
2020-04-21,6.4,0.1,0.1,0.0,17.22
2020-04-22,7.7,0.0,0.0,0.0,12.56
2020-04-23,10.6,0.0,0.0,0.0,25.06
2020-04-24,14.3,0.0,0.0,0.0,16.37
2020-04-25,14.4,1.0,1.0,0.0,21.01
2020-04-26,8.9,5.5,5.5,0.0,11.32
2020-04-27,9.4,0.0,0.0,0.0,15.23
2020-04-28,13.0,0.0,0.0,0.0,20.31
2020-04-29,14.1,0.0,0.0,0.0,24.9
2020-04-30,15.2,0.0,0.0,0.0,23.47
2020-05-01,14.9,18.7,18.7,0.0,17.42
2020-05-02,16.4,0.0,0.0,0.0,23.34
2020-05-03,16.7,0.0,0.0,0.0,23.06
2020-05-04,16.7,1.2,1.2,0.0,18.19
2020-05-05,14.3,12.7,12.7,0.0,12.14
2020-05-06,11.9,7.7,7.7,0.0,16.87
2020-05-07,9.2,1.0,1.0,0.0,20.47
2020-05-08,9.1,2.1,2.1,0.0,8.98
2020-05-09,10.7,0.0,0.0,0.0,14.76
2020-05-10,14.5,0.0,0.0,0.0,19.7
2020-05-11,18.5,0.0,0.0,0.0,23.75
2020-05-12,14.8,11.2,11.2,0.0,13.82
2020-05-13,9.7,0.0,0.0,0.0,28.4
2020-05-14,14.2,0.9,0.9,0.0,18.97
2020-05-15,12.0,2.2,2.2,0.0,20.7
2020-05-16,11.7,1.3,1.3,0.0,13.32
2020-05-17,13.0,5.4,5.4,0.0,13.36
2020-05-18,15.0,0.0,0.0,0.0,25.66
2020-05-19,15.8,0.0,0.0,0.0,18.84
2020-05-20,15.3,0.1,0.1,0.0,13.57
2020-05-21,11.5,0.0,0.0,0.0,18.14
2020-05-22,10.0,0.1,0.1,0.0,20.53
2020-05-23,10.3,1.1,1.1,0.0,21.94
2020-05-24,13.0,0.9,0.9,0.0,17.23
2020-05-25,12.4,4.1,4.1,0.0,6.93
2020-05-26,11.8,11.8,11.8,0.0,9.9
2020-05-27,14.1,1.0,1.0,0.0,22.07
2020-05-28,14.0,12.0,12.0,0.0,10.49
2020-05-29,14.9,1.6,1.6,0.0,13.49
2020-05-30,13.6,8.3,8.3,0.0,13.2
2020-05-31,14.6,4.4,4.4,0.0,18.68
2020-06-01,11.9,4.4,4.4,0.0,15.18
2020-06-02,11.9,0.2,0.2,0.0,24.1
2020-06-03,12.6,2.0,2.0,0.0,14.11
2020-06-04,14.9,1.7,1.7,0.0,23.37
2020-06-05,18.9,0.0,0.0,0.0,20.08
2020-06-06,20.7,0.0,0.0,0.0,28.16
2020-06-07,22.0,0.0,0.0,0.0,28.6
2020-06-08,24.4,0.0,0.0,0.0,29.08
2020-06-09,25.8,0.0,0.0,0.0,28.07
2020-06-10,26.7,0.0,0.0,0.0,27.93
2020-06-11,27.4,0.0,0.0,0.0,29.13
2020-06-12,25.8,16.5,16.5,0.0,22.22
2020-06-13,24.3,0.3,0.3,0.0,26.12
2020-06-14,21.8,0.7,0.7,0.0,18.87
2020-06-15,22.1,0.9,0.9,0.0,24.11
2020-06-16,21.3,9.9,9.9,0.0,19.9
2020-06-17,21.4,3.3,3.3,0.0,21.87
2020-06-18,22.4,4.4,4.4,0.0,21.78
2020-06-19,23.3,0.6,0.6,0.0,18.72
2020-06-20,22.5,1.3,1.3,0.0,19.44
2020-06-21,23.7,0.2,0.2,0.0,25.03
2020-06-22,20.6,14.1,14.1,0.0,14.17
2020-06-23,22.8,0.1,0.1,0.0,25.7
2020-06-24,22.4,2.8,2.8,0.0,22.65
2020-06-25,21.9,0.0,0.0,0.0,26.59
2020-06-26,21.6,0.0,0.0,0.0,29.27
2020-06-27,23.6,0.0,0.0,0.0,22.27
2020-06-28,25.7,0.0,0.0,0.0,26.61
2020-06-29,23.5,0.2,0.2,0.0,23.87
2020-06-30,23.3,0.8,0.8,0.0,23.86
2020-07-01,22.7,0.0,0.0,0.0,23.51
2020-07-02,24.5,0.0,0.0,0.0,26.34
2020-07-03,26.5,0.0,0.0,0.0,26.55
2020-07-04,27.8,0.0,0.0,0.0,23.18
2020-07-05,26.1,0.5,0.5,0.0,25.62
2020-07-06,26.8,0.0,0.0,0.0,27.45
2020-07-07,26.6,0.8,0.8,0.0,23.83
2020-07-08,17.3,11.3,11.3,0.0,13.97
2020-07-09,18.9,0.0,0.0,0.0,22.8
2020-07-10,21.5,0.0,0.0,0.0,20.98
2020-07-11,23.7,0.0,0.0,0.0,27.9
2020-07-12,24.6,0.0,0.0,0.0,28.23
2020-07-13,16.1,4.6,4.6,0.0,12.47
2020-07-14,16.5,0.4,0.4,0.0,11.56
2020-07-15,18.7,0.0,0.0,0.0,20.64
2020-07-16,20.4,0.0,0.0,0.0,19.98
2020-07-17,21.8,0.0,0.0,0.0,26.52
2020-07-18,22.4,0.0,0.0,0.0,26.57
2020-07-19,22.8,0.0,0.0,0.0,23.29
2020-07-20,22.5,1.1,1.1,0.0,21.33
2020-07-21,23.3,0.0,0.0,0.0,22.2
2020-07-22,20.7,0.0,0.0,0.0,21.86
2020-07-23,20.4,0.0,0.0,0.0,22.01
2020-07-24,21.2,0.2,0.2,0.0,23.29
2020-07-25,23.9,0.0,0.0,0.0,22.21
2020-07-26,25.5,0.0,0.0,0.0,26.19
2020-07-27,25.0,0.0,0.0,0.0,13.63
2020-07-28,25.6,0.0,0.0,0.0,21.95
2020-07-29,26.2,0.0,0.0,0.0,23.67
2020-07-30,26.5,1.6,1.6,0.0,20.43
2020-07-31,22.3,0.1,0.1,0.0,16.81
2020-08-01,19.4,0.0,0.0,0.0,18.79
2020-08-02,18.2,0.0,0.0,0.0,16.7
2020-08-03,20.3,0.0,0.0,0.0,21.8
2020-08-04,22.8,0.0,0.0,0.0,24.84
2020-08-05,24.2,0.0,0.0,0.0,25.62
2020-08-06,25.6,0.0,0.0,0.0,25.33
2020-08-07,26.9,0.0,0.0,0.0,24.88
2020-08-08,24.3,0.0,0.0,0.0,24.65
2020-08-09,23.8,0.0,0.0,0.0,17.25
2020-08-10,23.3,0.2,0.2,0.0,15.79
2020-08-11,22.5,0.5,0.5,0.0,19.91
2020-08-12,20.4,1.4,1.4,0.0,18.94
2020-08-13,17.7,0.0,0.0,0.0,15.36
2020-08-14,16.8,0.0,0.0,0.0,18.99
2020-08-15,17.3,0.0,0.0,0.0,19.43
2020-08-16,19.6,0.0,0.0,0.0,23.91
2020-08-17,22.5,0.0,0.0,0.0,22.6
2020-08-18,24.4,0.0,0.0,0.0,21.62
2020-08-19,25.5,0.0,0.0,0.0,17.37
2020-08-20,25.6,0.0,0.0,0.0,16.28
2020-08-21,26.0,0.1,0.1,0.0,18.31
2020-08-22,20.9,1.5,1.5,0.0,13.42
2020-08-23,21.6,0.0,0.0,0.0,22.69
2020-08-24,23.1,0.0,0.0,0.0,22.26
2020-08-25,22.9,0.0,0.0,0.0,22.28
2020-08-26,21.2,0.0,0.0,0.0,19.91
2020-08-27,21.5,0.7,0.7,0.0,16.15
2020-08-28,19.7,0.2,0.2,0.0,19.26
2020-08-29,22.3,0.0,0.0,0.0,21.76
2020-08-30,24.9,0.0,0.0,0.0,21.45
2020-08-31,25.3,0.0,0.0,0.0,21.69
2020-09-01,26.3,0.0,0.0,0.0,21.34
2020-09-02,26.6,0.0,0.0,0.0,20.72
2020-09-03,28.1,0.0,0.0,0.0,16.98
2020-09-04,21.9,11.9,11.9,0.0,9.26
2020-09-05,19.1,0.9,0.9,0.0,11.03
2020-09-06,21.1,0.0,0.0,0.0,19.52
2020-09-07,21.8,0.0,0.0,0.0,19.76
2020-09-08,17.0,0.0,0.0,0.0,17.39
2020-09-09,17.7,0.0,0.0,0.0,19.2
2020-09-10,20.6,0.0,0.0,0.0,19.08
2020-09-11,18.4,0.0,0.0,0.0,18.3
2020-09-12,17.4,0.0,0.0,0.0,19.32
2020-09-13,18.5,0.0,0.0,0.0,19.13
2020-09-14,19.4,0.0,0.0,0.0,18.05
2020-09-15,19.6,0.0,0.0,0.0,17.46
2020-09-16,18.8,0.0,0.0,0.0,18.08
2020-09-17,20.8,0.0,0.0,0.0,17.87
2020-09-18,13.2,0.0,0.0,0.0,12.78
2020-09-19,13.2,0.0,0.0,0.0,17.44
2020-09-20,13.7,0.0,0.0,0.0,17.55
2020-09-21,13.4,0.0,0.0,0.0,17.39
2020-09-22,15.0,0.0,0.0,0.0,17.35
2020-09-23,15.8,0.0,0.0,0.0,17.37
2020-09-24,17.1,0.0,0.0,0.0,15.81
2020-09-25,19.5,0.0,0.0,0.0,15.68
2020-09-26,21.6,0.0,0.0,0.0,15.36
2020-09-27,18.6,9.7,9.7,0.0,5.66
2020-09-28,16.4,0.0,0.0,0.0,15.1
2020-09-29,17.3,13.6,13.6,0.0,8.86
2020-09-30,15.0,35.3,35.3,0.0,2.91
2020-10-01,14.6,3.9,3.9,0.0,7.11
2020-10-02,14.2,1.0,1.0,0.0,7.23
2020-10-03,15.3,0.3,0.3,0.0,8.83
2020-10-04,16.6,0.0,0.0,0.0,10.97
2020-10-05,15.8,0.8,0.8,0.0,11.92
2020-10-06,16.9,0.0,0.0,0.0,12.24
2020-10-07,17.9,0.1,0.1,0.0,8.54
2020-10-08,17.1,0.0,0.0,0.0,9.77
2020-10-09,16.1,0.9,0.9,0.0,11.65
2020-10-10,14.8,0.1,0.1,0.0,8.25
2020-10-11,13.6,2.1,2.1,0.0,7.42
2020-10-12,15.8,0.2,0.2,0.0,9.81
2020-10-13,16.8,0.0,0.0,0.0,11.29
2020-10-14,14.9,0.3,0.3,0.0,12.36
2020-10-15,13.1,0.0,0.0,0.0,12.12
2020-10-16,16.2,3.8,3.8,0.0,8.82
2020-10-17,15.4,11.3,11.3,0.0,3.84
2020-10-18,10.0,0.0,0.0,0.0,10.7
2020-10-19,7.9,0.0,0.0,0.0,8.78
2020-10-20,6.6,0.0,0.0,0.0,9.02
2020-10-21,8.7,0.0,0.0,0.0,7.75
2020-10-22,11.4,0.0,0.0,0.0,10.44
2020-10-23,12.4,0.0,0.0,0.0,10.46
2020-10-24,12.6,0.0,0.0,0.0,8.22
2020-10-25,12.1,0.0,0.0,0.0,7.13
2020-10-26,11.6,0.2,0.2,0.0,7.2
2020-10-27,11.5,0.0,0.0,0.0,9.57
2020-10-28,9.9,0.0,0.0,0.0,9.62
2020-10-29,9.8,1.3,1.3,0.0,6.5
2020-10-30,10.1,0.2,0.2,0.0,3.32
2020-10-31,9.0,2.6,2.6,0.0,2.43
2020-11-01,8.8,0.7,0.7,0.0,3.95
2020-11-02,7.7,0.9,0.9,0.0,2.56
2020-11-03,7.2,0.5,0.5,0.0,2.22
2020-11-04,9.5,0.0,0.0,0.0,5.59
2020-11-05,9.6,0.0,0.0,0.0,3.93
2020-11-06,7.1,0.0,0.0,0.0,2.79
2020-11-07,8.8,0.0,0.0,0.0,6.09
2020-11-08,8.8,0.0,0.0,0.0,5.33
2020-11-09,7.8,0.2,0.2,0.0,3.59
2020-11-10,5.9,0.0,0.0,0.0,5.39
2020-11-11,4.0,0.0,0.0,0.0,4.38
2020-11-12,2.4,0.0,0.0,0.0,4.44
2020-11-13,2.2,0.0,0.0,0.0,2.62
2020-11-14,3.2,0.0,0.0,0.0,1.67
2020-11-15,4.8,0.7,0.7,0.0,6.03
2020-11-16,1.2,2.5,2.5,0.0,1.04
2020-11-17,-1.7,0.0,0.0,0.0,3.89
2020-11-18,-2.0,0.0,0.0,0.0,5.85
2020-11-19,-1.3,0.0,0.0,0.0,3.86
2020-11-20,-1.4,0.0,0.0,0.0,2.11
2020-11-21,-0.1,0.2,0.0,0.14,2.29
2020-11-22,-0.4,0.0,0.0,0.0,4.48
2020-11-23,2.5,0.3,0.3,0.0,5.7
2020-11-24,4.0,0.6,0.6,0.0,4.11
2020-11-25,4.4,0.0,0.0,0.0,4.11
2020-11-26,5.3,0.0,0.0,0.0,4.29
2020-11-27,4.2,0.0,0.0,0.0,3.91
2020-11-28,3.5,0.0,0.0,0.0,2.97
2020-11-29,2.5,2.5,2.5,0.0,1.08
2020-11-30,0.8,11.8,3.4,5.88,0.82
2020-12-01,0.5,0.7,0.5,0.14,1.14
2020-12-02,-0.3,1.7,0.0,1.19,1.45
2020-12-03,-0.3,0.4,0.4,0.0,1.15
2020-12-04,-0.4,0.0,0.0,0.0,1.88
2020-12-05,-0.9,0.0,0.0,0.0,3.93
2020-12-06,-4.5,0.0,0.0,0.0,5.71
2020-12-07,-6.1,0.0,0.0,0.0,2.38
2020-12-08,-4.2,0.0,0.0,0.0,3.28
2020-12-09,-3.2,0.0,0.0,0.0,4.6
2020-12-10,-0.4,0.8,0.8,0.0,1.19
2020-12-11,-1.1,0.0,0.0,0.0,4.05
2020-12-12,-1.2,0.6,0.4,0.14,0.89
2020-12-13,0.9,7.0,7.0,0.0,1.06
2020-12-14,0.6,4.2,4.2,0.0,2.35
2020-12-15,0.2,0.0,0.0,0.0,2.6
2020-12-16,-0.5,0.0,0.0,0.0,1.85
2020-12-17,-0.5,0.1,0.0,0.07,1.18
2020-12-18,-0.3,0.1,0.0,0.21,0.84
2020-12-19,0.3,0.2,0.0,0.14,1.51
2020-12-20,1.0,0.0,0.0,0.0,1.39
2020-12-21,-1.5,0.0,0.0,0.0,2.72
2020-12-22,-2.2,0.0,0.0,0.0,2.93
2020-12-23,-2.0,1.6,0.0,1.12,2.07
2020-12-24,-0.3,1.3,0.7,0.42,0.93
2020-12-25,2.0,7.8,7.8,0.0,0.95
2020-12-26,0.7,0.6,0.5,0.07,2.84
2020-12-27,-1.8,0.0,0.0,0.0,5.18
2020-12-28,0.3,0.0,0.0,0.0,1.88
2020-12-29,4.2,0.1,0.1,0.0,1.51
2020-12-30,7.9,0.1,0.1,0.0,1.65
2020-12-31,7.2,0.0,0.0,0.0,3.16
2021-01-01,6.4,3.1,3.1,0.0,2.13
2021-01-02,2.4,0.0,0.0,0.0,4.24
2021-01-03,1.0,0.6,0.6,0.0,2.17
2021-01-04,1.0,1.3,1.3,0.0,2.67
2021-01-05,1.3,0.4,0.4,0.0,3.41
2021-01-06,3.2,0.3,0.3,0.0,1.13
2021-01-07,4.6,15.7,15.7,0.0,0.63
2021-01-08,1.8,0.0,0.0,0.0,4.05
2021-01-09,-0.7,0.0,0.0,0.0,5.22
2021-01-10,-1.1,0.0,0.0,0.0,2.88
2021-01-11,-1.7,0.0,0.0,0.0,2.12
2021-01-12,-2.6,0.0,0.0,0.0,3.92
2021-01-13,-3.5,7.7,0.0,5.46,2.28
2021-01-14,-4.6,0.0,0.0,0.0,3.61
2021-01-15,-7.1,0.9,0.0,0.63,3.17
2021-01-16,-11.0,0.4,0.0,0.28,3.53
2021-01-17,-15.7,0.0,0.0,0.0,6.82
2021-01-18,-15.4,0.0,0.0,0.0,4.87
2021-01-19,-15.1,0.0,0.0,0.0,6.64
2021-01-20,-12.6,0.0,0.0,0.07,6.81
2021-01-21,-2.6,0.0,0.0,0.0,4.35
2021-01-22,1.5,0.0,0.0,0.0,5.89
2021-01-23,4.7,0.2,0.2,0.0,2.87
2021-01-24,6.4,3.8,3.8,0.0,4.26
2021-01-25,6.4,4.9,4.9,0.0,2.11
2021-01-26,1.2,2.0,1.8,0.14,4.09
2021-01-27,-0.7,16.3,1.4,10.5,1.23
2021-01-28,-0.4,7.4,1.5,4.13,1.38
2021-01-29,-2.6,1.7,0.0,1.19,5.31
2021-01-30,-1.2,3.1,2.1,0.7,2.13
2021-01-31,-1.6,2.2,0.0,1.54,5.72
2021-02-01,-0.3,14.2,8.5,3.99,1.49
2021-02-02,-0.4,0.0,0.0,0.0,4.2
2021-02-03,0.9,0.0,0.0,0.0,3.46
2021-02-04,1.7,6.8,6.8,0.0,1.6
2021-02-05,-2.8,0.0,0.0,0.0,5.63
2021-02-06,-6.1,0.0,0.0,0.0,6.66
2021-02-07,-9.8,2.0,0.0,1.4,4.91
2021-02-08,-7.5,6.9,0.9,4.2,1.49
2021-02-09,-1.3,3.2,3.1,0.07,4.36
2021-02-10,0.5,0.5,0.5,0.0,3.16
2021-02-11,0.9,7.7,7.7,0.0,3.2
2021-02-12,-8.7,4.6,0.3,3.01,4.24
2021-02-13,-11.4,1.1,0.0,0.77,4.65
2021-02-14,-9.0,0.0,0.0,0.0,9.01
2021-02-15,-7.6,3.2,0.0,2.24,9.81
2021-02-16,-13.5,0.4,0.0,0.28,11.19
2021-02-17,-14.0,0.1,0.0,0.07,9.5
2021-02-18,-7.7,1.4,0.0,1.05,5.39
2021-02-19,-12.6,0.0,0.0,0.0,10.99
2021-02-20,-7.6,0.0,0.0,0.0,11.07
2021-02-21,0.3,0.0,0.0,0.0,7.06
2021-02-22,1.5,0.0,0.0,0.0,10.06
2021-02-23,-1.1,0.0,0.0,0.0,7.97
2021-02-24,-3.1,0.8,0.0,0.56,3.21
2021-02-25,3.2,0.0,0.0,0.0,7.74
2021-02-26,5.5,0.0,0.0,0.0,12.48
2021-02-27,2.9,1.4,1.4,0.0,3.97
2021-02-28,1.6,0.2,0.2,0.0,4.8
2021-03-01,0.5,0.1,0.0,0.07,3.24
2021-03-02,2.4,0.0,0.0,0.0,5.44
2021-03-03,2.0,0.0,0.0,0.0,13.0
2021-03-04,4.2,0.0,0.0,0.0,13.54
2021-03-05,2.7,6.4,1.5,3.43,4.66
2021-03-06,-2.2,3.7,0.0,2.59,13.79
2021-03-07,-2.0,0.0,0.0,0.0,13.32
2021-03-08,-0.1,0.2,0.2,0.0,12.07
2021-03-09,-3.4,0.0,0.0,0.0,10.02
2021-03-10,-4.0,0.0,0.0,0.0,12.07
2021-03-11,-3.2,0.0,0.0,0.0,15.3
2021-03-12,-3.3,4.7,0.1,3.22,10.25
2021-03-13,2.0,0.1,0.0,0.07,11.37
2021-03-14,3.9,0.2,0.2,0.0,6.11
2021-03-15,5.8,0.7,0.7,0.0,10.34
2021-03-16,5.3,0.6,0.6,0.0,14.92
2021-03-17,2.8,4.0,3.1,0.63,3.57
2021-03-18,1.6,0.6,0.6,0.0,3.5
2021-03-19,1.6,3.2,1.9,0.91,7.61
2021-03-20,0.7,3.4,1.1,1.61,8.45
2021-03-21,0.6,0.0,0.0,0.0,14.63
2021-03-22,1.6,0.1,0.1,0.0,11.96
2021-03-23,-0.3,0.3,0.0,0.21,15.36
2021-03-24,0.8,2.5,0.3,1.54,5.7
2021-03-25,1.1,2.8,1.4,1.05,5.2
2021-03-26,4.5,0.0,0.0,0.0,18.99
2021-03-27,5.8,0.2,0.2,0.0,13.01
2021-03-28,7.2,0.1,0.1,0.0,15.35
2021-03-29,6.5,0.1,0.1,0.0,14.68
2021-03-30,4.7,0.0,0.0,0.0,19.37
2021-03-31,4.4,0.0,0.0,0.0,15.0
2021-04-01,8.4,0.0,0.0,0.0,19.11
2021-04-02,9.0,7.7,7.7,0.0,14.1
2021-04-03,6.6,0.0,0.0,0.0,16.3
2021-04-04,5.1,1.3,1.3,0.0,11.31
2021-04-05,4.2,0.2,0.2,0.0,17.37
2021-04-06,6.9,0.0,0.0,0.0,13.16
2021-04-07,5.7,2.4,2.4,0.0,10.59
2021-04-08,2.7,0.4,0.4,0.0,19.9
2021-04-09,3.5,0.4,0.4,0.0,19.45
2021-04-10,5.6,0.0,0.0,0.0,21.47
2021-04-11,7.7,0.0,0.0,0.0,22.44
2021-04-12,8.1,1.3,1.3,0.0,6.73
2021-04-13,9.9,0.3,0.3,0.0,6.81
2021-04-14,8.7,0.4,0.4,0.0,12.28
2021-04-15,7.9,6.0,6.0,0.0,9.13
2021-04-16,5.7,7.6,7.6,0.0,8.2
2021-04-17,7.9,0.8,0.8,0.0,15.34
2021-04-18,9.0,0.0,0.0,0.0,12.85
2021-04-19,8.7,0.0,0.0,0.0,13.42
2021-04-20,9.1,0.1,0.1,0.0,14.67
2021-04-21,8.7,0.6,0.6,0.0,21.07
2021-04-22,10.8,0.5,0.5,0.0,21.73
2021-04-23,9.3,21.3,21.3,0.0,13.3
2021-04-24,5.6,0.6,0.6,0.0,21.29
2021-04-25,6.8,0.0,0.0,0.0,19.38
2021-04-26,5.0,3.4,3.4,0.0,13.67
2021-04-27,4.0,1.9,1.9,0.0,9.62
2021-04-28,6.1,0.0,0.0,0.0,23.91
2021-04-29,9.6,0.0,0.0,0.0,15.33
2021-04-30,13.8,0.0,0.0,0.0,22.8
2021-05-01,16.1,4.4,4.4,0.0,21.04
2021-05-02,15.6,5.1,5.1,0.0,12.06
2021-05-03,13.9,0.5,0.5,0.0,18.4
2021-05-04,9.0,0.3,0.3,0.0,21.05
2021-05-05,13.0,0.0,0.0,0.0,24.19
2021-05-06,11.6,3.8,3.8,0.0,15.09
2021-05-07,12.9,0.7,0.7,0.0,17.82
2021-05-08,10.8,12.1,12.1,0.0,12.52
2021-05-09,8.8,1.3,1.3,0.0,22.32
2021-05-10,11.0,0.0,0.0,0.0,27.37
2021-05-11,14.7,0.0,0.0,0.0,24.06
2021-05-12,9.7,1.2,1.2,0.0,19.71
2021-05-13,12.6,1.5,1.5,0.0,19.2
2021-05-14,16.0,1.1,1.1,0.0,23.95
2021-05-15,16.8,0.1,0.1,0.0,24.41
2021-05-16,18.0,2.1,2.1,0.0,22.45
2021-05-17,17.1,13.9,13.9,0.0,16.99
2021-05-18,15.0,7.3,7.3,0.0,13.97
2021-05-19,14.2,2.9,2.9,0.0,19.59
2021-05-20,14.3,13.5,13.5,0.0,17.77
2021-05-21,13.6,8.4,8.4,0.0,12.16
2021-05-22,15.0,0.0,0.0,0.0,28.74
2021-05-23,17.2,0.0,0.0,0.0,23.07
2021-05-24,14.7,6.1,6.1,0.0,14.84
2021-05-25,16.7,0.0,0.0,0.0,23.04
2021-05-26,19.0,0.0,0.0,0.0,20.79
2021-05-27,20.1,0.2,0.2,0.0,23.59
2021-05-28,20.6,0.2,0.2,0.0,23.75
2021-05-29,17.7,8.4,8.4,0.0,16.3
2021-05-30,16.2,0.7,0.7,0.0,21.49
2021-05-31,14.7,0.7,0.7,0.0,19.68
2021-06-01,10.7,9.5,9.5,0.0,6.27
2021-06-02,12.4,16.3,16.3,0.0,6.25
2021-06-03,13.4,1.4,1.4,0.0,6.55
2021-06-04,15.4,0.0,0.0,0.0,16.07
2021-06-05,16.4,0.0,0.0,0.0,20.27
2021-06-06,16.3,0.3,0.3,0.0,23.76
2021-06-07,16.9,4.9,4.9,0.0,20.85
2021-06-08,18.1,3.6,3.6,0.0,23.85
2021-06-09,18.8,1.8,1.8,0.0,24.07
2021-06-10,17.6,11.4,11.4,0.0,21.38
2021-06-11,16.9,10.2,10.2,0.0,15.84
2021-06-12,19.1,0.2,0.2,0.0,24.68
2021-06-13,18.9,5.9,5.9,0.0,23.31
2021-06-14,19.3,1.6,1.6,0.0,23.1
2021-06-15,21.0,9.0,9.0,0.0,23.54
2021-06-16,18.7,16.7,16.7,0.0,16.38
2021-06-17,20.7,11.3,11.3,0.0,16.94
2021-06-18,19.7,2.6,2.6,0.0,14.99
2021-06-19,21.2,4.6,4.6,0.0,22.29
2021-06-20,22.3,0.7,0.7,0.0,21.77
2021-06-21,23.7,0.0,0.0,0.0,26.88
2021-06-22,24.5,0.0,0.0,0.0,26.18
2021-06-23,24.5,0.7,0.7,0.0,23.18
2021-06-24,26.2,1.6,1.6,0.0,27.14
2021-06-25,26.0,0.0,0.0,0.0,22.93
2021-06-26,26.1,0.1,0.1,0.0,26.84
2021-06-27,23.1,5.9,5.9,0.0,20.51
2021-06-28,21.2,0.5,0.5,0.0,23.65
2021-06-29,21.2,0.4,0.4,0.0,23.35
2021-06-30,23.0,0.3,0.3,0.0,24.76
2021-07-01,24.0,0.0,0.0,0.0,25.22
2021-07-02,23.4,0.2,0.2,0.0,25.45
2021-07-03,22.0,0.4,0.4,0.0,22.34
2021-07-04,23.3,2.3,2.3,0.0,20.68
2021-07-05,23.2,5.7,5.7,0.0,20.18
2021-07-06,22.8,0.6,0.6,0.0,23.73
2021-07-07,21.8,0.9,0.9,0.0,19.51
2021-07-08,23.2,0.0,0.0,0.0,28.97
2021-07-09,23.2,0.0,0.0,0.0,28.16
2021-07-10,24.5,0.0,0.0,0.0,25.26
2021-07-11,25.1,0.0,0.0,0.0,23.42
2021-07-12,24.5,1.6,1.6,0.0,21.64
2021-07-13,24.2,0.3,0.3,0.0,24.7
2021-07-14,25.3,0.0,0.0,0.0,26.92
2021-07-15,26.1,0.0,0.0,0.0,28.12
2021-07-16,26.5,0.0,0.0,0.0,24.98
2021-07-17,26.0,0.2,0.2,0.0,23.9
2021-07-18,26.6,0.0,0.0,0.0,24.05
2021-07-19,26.6,0.6,0.6,0.0,22.46
2021-07-20,25.7,2.6,2.6,0.0,20.27
2021-07-21,21.9,22.5,22.5,0.0,18.54
2021-07-22,20.6,0.0,0.0,0.0,22.54
2021-07-23,20.0,0.0,0.0,0.0,26.74
2021-07-24,20.8,0.0,0.0,0.0,20.9
2021-07-25,22.1,0.0,0.0,0.0,20.72
2021-07-26,23.4,0.0,0.0,0.0,22.46
2021-07-27,25.2,0.0,0.0,0.0,25.09
2021-07-28,24.9,1.5,1.5,0.0,20.0
2021-07-29,25.3,0.0,0.0,0.0,22.99
2021-07-30,23.1,11.8,11.8,0.0,18.29
2021-07-31,24.0,0.0,0.0,0.0,23.11
2021-08-01,25.2,0.0,0.0,0.0,22.08
2021-08-02,24.4,6.4,6.4,0.0,16.02
2021-08-03,21.1,0.1,0.1,0.0,20.34
2021-08-04,21.9,0.0,0.0,0.0,21.42
2021-08-05,23.0,0.8,0.8,0.0,17.13
2021-08-06,22.9,8.9,8.9,0.0,19.16
2021-08-07,20.7,0.5,0.5,0.0,15.38
2021-08-08,21.5,0.0,0.0,0.0,24.87
2021-08-09,24.2,0.0,0.0,0.0,22.89
2021-08-10,24.5,0.3,0.3,0.0,21.2
2021-08-11,23.7,0.1,0.1,0.0,21.22
2021-08-12,21.7,0.0,0.0,0.0,23.99
2021-08-13,20.5,0.0,0.0,0.0,21.66
2021-08-14,19.9,0.0,0.0,0.0,24.18
2021-08-15,21.4,0.0,0.0,0.0,23.86
2021-08-16,23.0,0.0,0.0,0.0,23.44
2021-08-17,24.7,0.0,0.0,0.0,23.26
2021-08-18,23.2,1.4,1.4,0.0,18.87
2021-08-19,19.6,1.6,1.6,0.0,11.52
2021-08-20,20.7,4.8,4.8,0.0,14.26
2021-08-21,20.6,0.0,0.0,0.0,19.74
2021-08-22,19.5,0.4,0.4,0.0,17.92
2021-08-23,19.3,0.0,0.0,0.0,19.88
2021-08-24,20.3,0.0,0.0,0.0,22.11
2021-08-25,21.5,0.0,0.0,0.0,19.9
2021-08-26,20.2,12.3,12.3,0.0,10.88
2021-08-27,18.1,0.3,0.3,0.0,15.21
2021-08-28,20.5,0.2,0.2,0.0,19.06
2021-08-29,23.9,0.0,0.0,0.0,19.72
2021-08-30,23.7,2.0,2.0,0.0,15.52
2021-08-31,20.2,0.1,0.1,0.0,19.03
2021-09-01,18.1,1.5,1.5,0.0,17.95
2021-09-02,14.9,3.5,3.5,0.0,14.0
2021-09-03,14.0,0.0,0.0,0.0,15.43
2021-09-04,13.9,0.4,0.4,0.0,13.76
2021-09-05,11.9,0.0,0.0,0.0,15.18
2021-09-06,10.3,0.0,0.0,0.0,14.99
2021-09-07,11.5,0.0,0.0,0.0,18.59
2021-09-08,13.7,0.0,0.0,0.0,20.13
2021-09-09,15.8,0.0,0.0,0.0,19.53
2021-09-10,17.8,0.0,0.0,0.0,19.04
2021-09-11,19.4,0.0,0.0,0.0,18.83
2021-09-12,19.9,0.0,0.0,0.0,17.13
2021-09-13,19.4,0.0,0.0,0.0,16.22
2021-09-14,18.6,0.1,0.1,0.0,16.06
2021-09-15,15.0,0.0,0.0,0.0,18.52
2021-09-16,14.5,0.0,0.0,0.0,17.15
2021-09-17,17.6,2.2,2.2,0.0,15.91
2021-09-18,17.1,36.8,36.8,0.0,4.37
2021-09-19,14.9,2.0,2.0,0.0,15.02
2021-09-20,11.0,0.0,0.0,0.0,8.73
2021-09-21,9.2,0.3,0.3,0.0,5.41
2021-09-22,8.3,1.2,1.2,0.0,5.33
2021-09-23,7.8,0.8,0.8,0.0,7.61
2021-09-24,8.7,6.2,6.2,0.0,3.33
2021-09-25,12.6,0.1,0.1,0.0,9.06
2021-09-26,14.8,0.4,0.4,0.0,11.31
2021-09-27,10.7,0.0,0.0,0.0,12.32
2021-09-28,10.1,0.1,0.1,0.0,11.71
2021-09-29,9.9,0.0,0.0,0.0,9.8
2021-09-30,8.8,0.0,0.0,0.0,14.37
2021-10-01,8.9,0.0,0.0,0.0,15.16
2021-10-02,8.7,0.0,0.0,0.0,15.18
2021-10-03,10.0,0.0,0.0,0.0,14.63
2021-10-04,9.8,0.0,0.0,0.0,14.15
2021-10-05,10.5,0.0,0.0,0.0,13.63
2021-10-06,8.6,0.0,0.0,0.0,12.91
2021-10-07,6.5,0.0,0.0,0.0,14.23
2021-10-08,6.6,0.0,0.0,0.0,10.41
2021-10-09,7.1,0.0,0.0,0.0,9.66
2021-10-10,8.0,0.0,0.0,0.0,13.22
2021-10-11,8.8,0.0,0.0,0.0,13.12
2021-10-12,9.9,0.2,0.2,0.0,7.36
2021-10-13,9.2,32.4,32.4,0.0,1.27
2021-10-14,8.1,0.1,0.1,0.0,10.51
2021-10-15,8.3,0.0,0.0,0.0,12.0
2021-10-16,9.0,0.0,0.0,0.0,4.36
2021-10-17,8.9,0.2,0.2,0.0,4.21
2021-10-18,7.5,0.0,0.0,0.0,6.88
2021-10-19,5.5,0.1,0.1,0.0,10.96
2021-10-20,7.0,0.0,0.0,0.0,10.58
2021-10-21,12.0,0.0,0.0,0.0,10.18
2021-10-22,12.5,0.0,0.0,0.0,10.22
2021-10-23,8.6,0.0,0.0,0.0,4.4
2021-10-24,5.3,0.3,0.3,0.0,7.1
2021-10-25,3.1,0.0,0.0,0.0,7.78
2021-10-26,2.4,0.0,0.0,0.0,10.48
2021-10-27,4.0,0.0,0.0,0.0,7.92
2021-10-28,7.4,0.0,0.0,0.0,9.18
2021-10-29,7.2,0.0,0.0,0.0,6.27
2021-10-30,5.5,0.0,0.0,0.0,7.98
2021-10-31,5.8,0.0,0.0,0.0,9.47
2021-11-01,7.1,0.0,0.0,0.0,8.42
2021-11-02,8.6,12.3,12.3,0.0,1.39
2021-11-03,8.7,3.1,3.1,0.0,2.3
2021-11-04,8.8,0.0,0.0,0.0,5.62
2021-11-05,14.2,0.0,0.0,0.0,4.46
2021-11-06,8.9,0.5,0.5,0.0,3.89
2021-11-07,6.5,1.5,1.5,0.0,8.01
2021-11-08,9.1,0.7,0.7,0.0,4.12
2021-11-09,4.9,0.0,0.0,0.0,3.87
2021-11-10,0.0,0.0,0.0,0.0,7.95
2021-11-11,1.3,0.0,0.0,0.0,7.65
2021-11-12,4.9,0.0,0.0,0.0,7.45
2021-11-13,4.5,0.0,0.0,0.0,6.1
2021-11-14,2.4,0.0,0.0,0.0,6.73
2021-11-15,1.9,0.0,0.0,0.0,5.94
2021-11-16,-2.5,0.0,0.0,0.0,7.39
2021-11-17,-3.0,0.0,0.0,0.0,7.37
2021-11-18,-0.5,0.0,0.0,0.0,2.38
2021-11-19,2.5,2.7,2.7,0.0,1.91
2021-11-20,7.8,2.8,2.8,0.0,3.29
2021-11-21,5.9,0.0,0.0,0.0,4.03
2021-11-22,5.3,0.0,0.0,0.0,5.74
2021-11-23,1.6,0.1,0.0,0.07,3.3
2021-11-24,0.9,0.1,0.0,0.07,2.16
2021-11-25,1.1,0.0,0.0,0.0,5.88
2021-11-26,4.3,0.0,0.0,0.0,4.13
2021-11-27,7.0,4.2,4.2,0.0,2.54
2021-11-28,6.8,0.4,0.4,0.0,4.65
2021-11-29,9.8,12.7,12.7,0.0,0.93
2021-11-30,1.9,0.0,0.0,0.0,4.94
2021-12-01,-0.0,0.6,0.1,0.35,4.1
2021-12-02,1.5,0.0,0.0,0.0,4.04
2021-12-03,5.4,2.3,1.6,0.49,4.32
2021-12-04,-1.2,0.0,0.0,0.0,4.9
2021-12-05,-1.9,0.9,0.1,0.56,3.27
2021-12-06,3.6,10.1,9.9,0.14,0.67
2021-12-07,8.2,20.2,20.2,0.0,1.34
2021-12-08,5.6,1.0,1.0,0.0,1.9
2021-12-09,5.6,0.4,0.4,0.0,1.2
2021-12-10,6.1,0.2,0.2,0.0,1.45
2021-12-11,7.6,2.6,2.6,0.0,1.85
2021-12-12,3.3,0.0,0.0,0.0,1.84
2021-12-13,1.7,11.1,11.1,0.0,0.66
2021-12-14,1.1,0.0,0.0,0.0,0.96
2021-12-15,0.8,0.2,0.0,0.14,1.07
2021-12-16,0.7,3.0,3.0,0.0,1.98
2021-12-17,2.3,3.6,3.4,0.14,1.93
2021-12-18,0.4,0.7,0.0,0.49,2.36
2021-12-19,1.6,2.6,1.9,0.49,0.9
2021-12-20,-0.7,1.7,0.3,0.98,2.93
2021-12-21,-6.4,0.9,0.0,0.63,3.42
2021-12-22,-9.6,0.0,0.0,0.0,4.14
2021-12-23,-10.3,0.1,0.0,0.07,4.31
2021-12-24,-6.3,1.5,0.0,1.12,1.41
2021-12-25,1.4,4.3,0.8,2.45,2.74
2021-12-26,-6.7,0.6,0.0,0.42,4.51
2021-12-27,-7.7,2.4,0.0,1.68,4.03
2021-12-28,-7.1,17.5,0.0,12.25,0.82
2021-12-29,-7.0,0.0,0.0,0.0,3.22
2021-12-30,-7.4,0.0,0.0,0.0,4.9
2021-12-31,-2.1,1.3,0.3,0.7,1.89
2022-01-01,3.8,2.8,2.8,0.0,2.68
2022-01-02,-1.8,0.3,0.0,0.28,3.99
2022-01-03,3.3,1.0,0.9,0.07,4.29
2022-01-04,3.6,0.2,0.2,0.0,2.49
2022-01-05,5.1,1.4,1.4,0.0,3.71
2022-01-06,3.2,0.5,0.5,0.0,3.12
2022-01-07,-1.8,0.0,0.0,0.0,3.72
2022-01-08,-3.3,0.1,0.1,0.0,5.16
2022-01-09,-0.8,2.4,1.4,0.7,0.88
2022-01-10,-0.6,0.4,0.4,0.0,2.17
2022-01-11,-4.2,0.0,0.0,0.0,2.56
2022-01-12,-8.9,0.0,0.0,0.0,3.23
2022-01-13,-6.7,0.4,0.0,0.28,5.49
2022-01-14,1.5,1.0,0.8,0.14,1.2
2022-01-15,0.1,0.9,0.0,0.63,3.53
2022-01-16,-0.4,0.0,0.0,0.0,2.3
2022-01-17,-0.4,1.4,0.0,0.98,2.33
2022-01-18,-2.8,1.6,0.0,1.12,3.01
2022-01-19,-4.9,0.0,0.0,0.0,6.06
2022-01-20,-2.7,0.5,0.0,0.35,2.64
2022-01-21,-2.1,0.6,0.0,0.42,6.45
2022-01-22,-3.7,0.3,0.0,0.21,5.53
2022-01-23,-4.2,0.1,0.0,0.07,4.29
2022-01-24,-5.3,1.4,0.0,0.98,1.86
2022-01-25,-6.9,0.1,0.0,0.07,2.93
2022-01-26,-5.2,1.4,0.0,0.98,2.42
2022-01-27,-3.7,0.3,0.0,0.28,3.7
2022-01-28,-0.4,1.1,0.0,0.77,3.87
2022-01-29,0.3,0.8,0.2,0.42,3.04
2022-01-30,-2.2,1.9,0.0,1.33,2.26
2022-01-31,-0.1,0.5,0.0,0.42,5.48
2022-02-01,-0.1,0.3,0.0,0.21,6.31
2022-02-02,-0.2,0.3,0.1,0.14,6.8
2022-02-03,-0.3,0.1,0.1,0.0,4.66
2022-02-04,-4.1,0.0,0.0,0.0,5.72
2022-02-05,-3.8,1.6,0.0,1.12,2.96
2022-02-06,-0.1,0.0,0.0,0.0,4.97
2022-02-07,0.6,0.0,0.0,0.0,5.08
2022-02-08,0.5,3.8,2.4,0.98,1.74
2022-02-09,0.4,0.6,0.3,0.21,3.25
2022-02-10,2.9,0.2,0.2,0.0,3.68
2022-02-11,4.7,0.4,0.4,0.0,9.05
2022-02-12,1.3,1.7,1.7,0.0,5.96
2022-02-13,-1.5,0.0,0.0,0.0,10.52
2022-02-14,-1.3,0.0,0.0,0.0,10.72
2022-02-15,0.1,0.0,0.0,0.0,10.67
2022-02-16,2.6,6.6,2.0,3.22,3.2
2022-02-17,6.5,9.6,9.3,0.21,6.7
2022-02-18,3.6,0.2,0.2,0.0,6.61
2022-02-19,3.5,2.0,2.0,0.0,3.51
2022-02-20,3.5,0.0,0.0,0.0,11.12
2022-02-21,4.6,0.0,0.0,0.0,11.53
2022-02-22,5.0,0.0,0.0,0.0,6.85
2022-02-23,2.4,0.0,0.0,0.0,10.74
2022-02-24,1.4,0.0,0.0,0.0,8.8
2022-02-25,0.2,0.0,0.0,0.0,12.43
2022-02-26,0.9,0.0,0.0,0.0,8.19
2022-02-27,0.7,0.0,0.0,0.0,8.84
2022-02-28,0.6,0.0,0.0,0.0,11.45
2022-03-01,1.0,1.4,0.9,0.35,3.68
2022-03-02,0.9,4.0,2.0,1.4,2.29
2022-03-03,0.9,0.0,0.0,0.0,4.56
2022-03-04,1.1,0.6,0.2,0.28,4.61
2022-03-05,-0.9,3.9,0.0,2.73,4.06
2022-03-06,-0.4,0.5,0.0,0.35,7.51
2022-03-07,-0.9,0.8,0.0,0.56,6.8
2022-03-08,-1.8,1.1,0.0,0.77,11.28
2022-03-09,-2.8,0.6,0.0,0.49,9.63
2022-03-10,-5.2,0.4,0.0,0.28,12.05
2022-03-11,-6.0,0.6,0.0,0.42,8.06
2022-03-12,-2.9,0.0,0.0,0.0,16.28
2022-03-13,-1.2,0.0,0.0,0.0,11.6
2022-03-14,-0.4,0.0,0.0,0.0,11.52
2022-03-15,2.2,0.0,0.0,0.0,16.31
2022-03-16,-1.8,0.0,0.0,0.0,17.08
2022-03-17,-2.8,0.0,0.0,0.0,16.73
2022-03-18,-3.5,0.0,0.0,0.0,10.53
2022-03-19,-1.9,0.0,0.0,0.0,17.81
2022-03-20,-0.2,0.0,0.0,0.0,17.9
2022-03-21,4.3,0.0,0.0,0.0,17.56
2022-03-22,4.1,0.0,0.0,0.0,17.8
2022-03-23,3.7,0.0,0.0,0.0,18.31
2022-03-24,5.8,0.1,0.1,0.0,17.79
2022-03-25,4.5,0.0,0.0,0.0,14.6
2022-03-26,8.4,1.2,1.2,0.0,18.16
2022-03-27,2.4,0.7,0.6,0.07,10.35
2022-03-28,4.7,0.0,0.0,0.0,19.08
2022-03-29,10.2,0.0,0.0,0.0,18.64
2022-03-30,9.8,0.5,0.5,0.0,16.47
2022-03-31,11.2,0.0,0.0,0.0,13.43
2022-04-01,13.6,0.1,0.1,0.0,18.74
2022-04-02,10.6,3.8,3.8,0.0,8.77
2022-04-03,4.3,2.9,2.9,0.0,4.54
2022-04-04,2.6,0.0,0.0,0.0,14.53
2022-04-05,5.8,0.0,0.0,0.0,17.45
2022-04-06,9.5,0.0,0.0,0.0,18.92
2022-04-07,10.7,0.0,0.0,0.0,20.84
2022-04-08,8.8,0.4,0.4,0.0,10.83
2022-04-09,12.2,0.0,0.0,0.0,16.34
2022-04-10,9.2,5.4,5.4,0.0,8.68
2022-04-11,6.1,2.5,2.5,0.0,8.43
2022-04-12,5.4,4.9,4.9,0.0,9.57
2022-04-13,6.0,1.9,1.9,0.0,6.59
2022-04-14,8.7,0.0,0.0,0.0,20.39
2022-04-15,10.0,0.0,0.0,0.0,22.15
2022-04-16,9.5,5.5,5.5,0.0,12.84
2022-04-17,5.7,0.0,0.0,0.0,10.51
2022-04-18,3.7,2.0,2.0,0.0,5.75
2022-04-19,6.3,0.0,0.0,0.0,7.32
2022-04-20,5.2,12.9,12.9,0.0,3.21
2022-04-21,5.8,3.5,3.5,0.0,12.31
2022-04-22,8.6,0.9,0.9,0.0,11.86
2022-04-23,10.3,13.0,13.0,0.0,16.02
2022-04-24,11.7,0.1,0.1,0.0,20.0
2022-04-25,13.9,0.0,0.0,0.0,20.53
2022-04-26,13.6,0.4,0.4,0.0,19.8
2022-04-27,11.9,0.0,0.0,0.0,22.7
2022-04-28,11.8,0.5,0.5,0.0,10.02
2022-04-29,10.6,0.4,0.4,0.0,6.39
2022-04-30,10.4,0.5,0.5,0.0,20.02
2022-05-01,10.2,0.9,0.9,0.0,20.85
2022-05-02,11.2,0.0,0.0,0.0,20.74
2022-05-03,13.1,0.0,0.0,0.0,22.13
2022-05-04,13.4,1.3,1.3,0.0,20.76
2022-05-05,10.2,0.0,0.0,0.0,27.08
2022-05-06,11.0,0.0,0.0,0.0,27.13
2022-05-07,12.0,0.0,0.0,0.0,26.39
2022-05-08,14.2,0.0,0.0,0.0,25.98
2022-05-09,13.5,2.0,2.0,0.0,19.13
2022-05-10,11.9,0.0,0.0,0.0,23.51
2022-05-11,12.3,0.0,0.0,0.0,24.56
2022-05-12,19.4,0.0,0.0,0.0,25.6
2022-05-13,18.8,8.7,8.7,0.0,24.01
2022-05-14,15.4,7.7,7.7,0.0,13.97
2022-05-15,14.5,0.2,0.2,0.0,20.48
2022-05-16,14.1,0.0,0.0,0.0,19.34
2022-05-17,14.9,0.0,0.0,0.0,22.41
2022-05-18,10.7,6.3,6.3,0.0,22.16
2022-05-19,13.7,0.0,0.0,0.0,24.01
2022-05-20,16.7,0.0,0.0,0.0,17.81
2022-05-21,20.2,0.8,0.8,0.0,18.47
2022-05-22,14.6,0.6,0.6,0.0,20.1
2022-05-23,11.5,0.7,0.7,0.0,10.77
2022-05-24,13.6,0.0,0.0,0.0,20.89
2022-05-25,16.5,0.2,0.2,0.0,26.28
2022-05-26,15.9,3.6,3.6,0.0,14.34
2022-05-27,18.5,0.0,0.0,0.0,20.12
2022-05-28,16.0,0.4,0.4,0.0,21.29
2022-05-29,14.5,2.5,2.5,0.0,10.26
2022-05-30,17.2,4.7,4.7,0.0,16.21
2022-05-31,20.0,0.9,0.9,0.0,25.35
2022-06-01,21.1,0.6,0.6,0.0,24.88
2022-06-02,21.1,12.1,12.1,0.0,20.63
2022-06-03,20.0,0.0,0.0,0.0,23.01
2022-06-04,19.1,0.0,0.0,0.0,28.65
2022-06-05,17.3,10.6,10.6,0.0,11.25
2022-06-06,19.0,0.0,0.0,0.0,27.22
2022-06-07,20.0,0.0,0.0,0.0,25.19
2022-06-08,21.4,0.0,0.0,0.0,27.12
2022-06-09,22.6,0.0,0.0,0.0,23.84
2022-06-10,22.8,0.0,0.0,0.0,25.72
2022-06-11,23.4,0.2,0.2,0.0,24.52
2022-06-12,24.9,0.0,0.0,0.0,26.77
2022-06-13,23.3,0.0,0.0,0.0,26.72
2022-06-14,21.5,1.9,1.9,0.0,22.81
2022-06-15,17.9,0.0,0.0,0.0,22.6
2022-06-16,19.0,0.1,0.1,0.0,26.33
2022-06-17,20.5,0.6,0.6,0.0,19.94
2022-06-18,17.9,1.7,1.7,0.0,19.42
2022-06-19,20.5,0.0,0.0,0.0,27.32
2022-06-20,23.7,0.0,0.0,0.0,29.43
2022-06-21,23.2,0.6,0.6,0.0,28.37
2022-06-22,14.4,5.7,5.7,0.0,16.09
2022-06-23,16.5,12.8,12.8,0.0,16.24
2022-06-24,17.7,9.0,9.0,0.0,15.23
2022-06-25,19.7,1.6,1.6,0.0,23.85
2022-06-26,21.1,0.6,0.6,0.0,21.25
2022-06-27,23.7,0.0,0.0,0.0,26.19
2022-06-28,24.5,0.0,0.0,0.0,29.01
2022-06-29,25.8,0.0,0.0,0.0,27.06
2022-06-30,22.7,12.1,12.1,0.0,23.16
2022-07-01,22.6,0.0,0.0,0.0,23.46
2022-07-02,19.9,0.0,0.0,0.0,29.7
2022-07-03,21.1,0.0,0.0,0.0,29.58
2022-07-04,23.1,0.0,0.0,0.0,28.58
2022-07-05,25.1,0.1,0.1,0.0,24.92
2022-07-06,27.1,0.0,0.0,0.0,25.76
2022-07-07,22.6,7.6,7.6,0.0,16.78
2022-07-08,22.3,3.8,3.8,0.0,24.0
2022-07-09,22.1,1.4,1.4,0.0,24.21
2022-07-10,20.6,1.2,1.2,0.0,21.68
2022-07-11,19.1,1.1,1.1,0.0,18.79
2022-07-12,18.1,0.0,0.0,0.0,26.87
2022-07-13,17.0,4.8,4.8,0.0,14.11
2022-07-14,19.3,0.2,0.2,0.0,19.54
2022-07-15,23.7,0.2,0.2,0.0,24.93
2022-07-16,20.8,0.0,0.0,0.0,24.4
2022-07-17,18.3,8.7,8.7,0.0,20.31
2022-07-18,16.9,0.0,0.0,0.0,18.55
2022-07-19,18.8,0.0,0.0,0.0,19.32
2022-07-20,20.5,0.8,0.8,0.0,22.92
2022-07-21,19.9,0.0,0.0,0.0,21.92
2022-07-22,20.6,0.2,0.2,0.0,23.22
2022-07-23,21.4,0.0,0.0,0.0,22.0
2022-07-24,23.7,0.7,0.7,0.0,25.62
2022-07-25,21.3,3.0,3.0,0.0,21.48
2022-07-26,20.6,0.2,0.2,0.0,23.83
2022-07-27,22.5,0.0,0.0,0.0,21.23
2022-07-28,22.3,5.4,5.4,0.0,19.48
2022-07-29,21.7,0.0,0.0,0.0,24.45
2022-07-30,22.7,0.0,0.0,0.0,25.38
2022-07-31,23.7,0.0,0.0,0.0,26.02
2022-08-01,21.1,12.2,12.2,0.0,14.33
2022-08-02,19.6,10.1,10.1,0.0,13.08
2022-08-03,19.5,16.1,16.1,0.0,12.32
2022-08-04,20.5,2.1,2.1,0.0,14.3
2022-08-05,21.4,2.0,2.0,0.0,17.78
2022-08-06,22.7,2.0,2.0,0.0,23.25
2022-08-07,24.4,0.0,0.0,0.0,23.98
2022-08-08,23.6,0.4,0.4,0.0,23.32
2022-08-09,23.1,0.6,0.6,0.0,22.82
2022-08-10,21.5,0.0,0.0,0.0,19.92
2022-08-11,21.7,12.1,12.1,0.0,17.31
2022-08-12,22.1,9.0,9.0,0.0,15.69
2022-08-13,23.5,0.8,0.8,0.0,21.3
2022-08-14,24.3,1.6,1.6,0.0,17.24
2022-08-15,23.2,5.5,5.5,0.0,15.75
2022-08-16,20.7,5.1,5.1,0.0,13.94
2022-08-17,21.0,1.9,1.9,0.0,18.8
2022-08-18,21.7,3.8,3.8,0.0,16.74
2022-08-19,22.4,0.1,0.1,0.0,21.2
2022-08-20,21.3,1.3,1.3,0.0,17.25
2022-08-21,21.9,5.6,5.6,0.0,18.96
2022-08-22,22.9,0.0,0.0,0.0,22.11
2022-08-23,24.1,0.0,0.0,0.0,21.44
2022-08-24,24.0,0.0,0.0,0.0,22.51
2022-08-25,23.9,0.0,0.0,0.0,22.4
2022-08-26,22.8,0.0,0.0,0.0,17.65
2022-08-27,21.3,10.3,10.3,0.0,16.38
2022-08-28,22.0,0.2,0.2,0.0,20.53
2022-08-29,23.7,0.0,0.0,0.0,20.8
2022-08-30,23.0,0.2,0.2,0.0,16.23
2022-08-31,21.5,0.0,0.0,0.0,17.74
2022-09-01,18.2,0.0,0.0,0.0,13.37
2022-09-02,16.2,0.0,0.0,0.0,19.83
2022-09-03,13.8,6.1,6.1,0.0,4.72
2022-09-04,13.2,0.0,0.0,0.0,16.07
2022-09-05,13.9,0.0,0.0,0.0,16.95
2022-09-06,11.0,0.0,0.0,0.0,13.46
2022-09-07,11.1,0.0,0.0,0.0,16.87
2022-09-08,13.9,1.1,1.1,0.0,13.33
2022-09-09,14.1,14.2,14.2,0.0,13.27
2022-09-10,13.5,11.8,11.8,0.0,8.1
2022-09-11,12.9,15.4,15.4,0.0,3.52
2022-09-12,13.7,4.9,4.9,0.0,12.29
2022-09-13,12.1,10.3,10.3,0.0,4.61
2022-09-14,14.6,1.0,1.0,0.0,9.26
2022-09-15,17.1,0.9,0.9,0.0,8.18
2022-09-16,16.4,1.1,1.1,0.0,11.05
2022-09-17,15.8,13.8,13.8,0.0,4.18
2022-09-18,16.2,12.7,12.7,0.0,11.43
2022-09-19,12.2,0.0,0.0,0.0,12.74
2022-09-20,10.9,7.4,7.4,0.0,8.83
2022-09-21,10.5,0.9,0.9,0.0,11.52
2022-09-22,10.1,0.1,0.1,0.0,14.49
2022-09-23,9.3,0.4,0.4,0.0,13.01
2022-09-24,9.0,2.0,2.0,0.0,6.68
2022-09-25,10.6,0.0,0.0,0.0,12.86
2022-09-26,13.8,0.7,0.7,0.0,12.76
2022-09-27,14.6,13.3,13.3,0.0,1.9
2022-09-28,13.7,0.0,0.0,0.0,8.77
2022-09-29,15.1,0.1,0.1,0.0,11.46
2022-09-30,17.3,3.8,3.8,0.0,10.42
2022-10-01,17.6,0.0,0.0,0.0,12.96
2022-10-02,14.6,21.3,21.3,0.0,3.87
2022-10-03,11.7,0.1,0.1,0.0,11.55
2022-10-04,10.4,0.1,0.1,0.0,7.25
2022-10-05,11.0,0.0,0.0,0.0,10.82
2022-10-06,13.1,0.0,0.0,0.0,12.07
2022-10-07,12.6,0.0,0.0,0.0,12.05
2022-10-08,11.8,0.0,0.0,0.0,13.67
2022-10-09,12.8,0.0,0.0,0.0,12.23
2022-10-10,10.6,0.3,0.3,0.0,9.57
2022-10-11,7.5,0.0,0.0,0.0,13.72
2022-10-12,8.8,0.0,0.0,0.0,10.89
2022-10-13,7.6,0.1,0.1,0.0,9.23
2022-10-14,7.3,0.0,0.0,0.0,7.86
2022-10-15,6.0,0.0,0.0,0.0,10.96
2022-10-16,5.6,0.0,0.0,0.0,12.59
2022-10-17,6.5,0.0,0.0,0.0,12.14
2022-10-18,10.0,0.0,0.0,0.0,11.75
2022-10-19,10.0,2.0,2.0,0.0,8.27
2022-10-20,5.6,3.0,3.0,0.0,4.45
2022-10-21,4.9,0.0,0.0,0.0,7.66
2022-10-22,8.1,0.0,0.0,0.0,6.21
2022-10-23,11.1,13.3,13.3,0.0,1.77
2022-10-24,11.3,0.1,0.1,0.0,4.73
2022-10-25,12.8,5.4,5.4,0.0,6.9
2022-10-26,12.4,3.3,3.3,0.0,4.88
2022-10-27,11.0,0.5,0.5,0.0,5.69
2022-10-28,9.8,0.3,0.3,0.0,5.21
2022-10-29,12.5,1.6,1.6,0.0,9.32
2022-10-30,12.1,0.5,0.5,0.0,7.02
2022-10-31,7.7,0.1,0.1,0.0,8.19
2022-11-01,4.4,0.0,0.0,0.0,9.28
2022-11-02,8.2,0.0,0.0,0.0,7.93
2022-11-03,7.6,1.9,1.9,0.0,2.52
2022-11-04,7.0,0.3,0.3,0.0,3.87
2022-11-05,6.6,0.4,0.4,0.0,2.49
2022-11-06,4.7,0.0,0.0,0.0,5.7
2022-11-07,3.0,0.0,0.0,0.0,7.05
2022-11-08,2.3,0.0,0.0,0.0,7.43
2022-11-09,5.7,0.0,0.0,0.0,5.27
2022-11-10,5.7,0.0,0.0,0.0,6.61
2022-11-11,6.6,2.7,2.7,0.0,1.17
2022-11-12,6.4,0.0,0.0,0.0,4.63
2022-11-13,8.7,0.0,0.0,0.0,3.1
2022-11-14,4.7,0.0,0.0,0.0,6.63
2022-11-15,3.4,0.0,0.0,0.0,5.17
2022-11-16,6.6,2.3,2.3,0.0,2.24
2022-11-17,3.7,11.7,3.8,5.53,1.82
2022-11-18,0.6,2.8,2.0,0.56,2.31
2022-11-19,4.2,5.2,5.2,0.0,2.81
2022-11-20,0.7,17.3,13.1,2.94,0.66
2022-11-21,5.6,2.3,2.3,0.0,1.72
2022-11-22,1.0,0.0,0.0,0.0,2.27
2022-11-23,2.3,1.6,1.6,0.0,6.09
2022-11-24,6.0,2.0,2.0,0.0,1.66
2022-11-25,4.8,6.4,6.4,0.0,0.93
2022-11-26,2.7,4.8,4.8,0.0,0.82
2022-11-27,1.3,2.3,2.1,0.14,1.28
2022-11-28,1.9,0.3,0.3,0.0,0.7
2022-11-29,0.5,0.3,0.1,0.14,1.05
2022-11-30,-1.6,0.0,0.0,0.0,2.8
2022-12-01,-1.1,0.0,0.0,0.0,4.5
2022-12-02,-0.5,0.0,0.0,0.0,4.6
2022-12-03,-1.2,0.0,0.0,0.0,2.04
2022-12-04,-5.2,0.0,0.0,0.0,5.57
2022-12-05,-6.7,0.0,0.0,0.0,4.29
2022-12-06,-4.7,0.0,0.0,0.0,4.38
2022-12-07,-1.6,6.8,2.8,2.8,0.8
2022-12-08,-0.7,1.1,1.0,0.07,0.93
2022-12-09,1.6,8.3,8.3,0.0,0.59
2022-12-10,6.3,0.4,0.4,0.0,0.93
2022-12-11,10.6,13.4,13.4,0.0,0.8
2022-12-12,4.6,7.4,7.4,0.0,1.68
2022-12-13,-0.9,9.8,0.0,6.86,0.81
2022-12-14,-4.8,0.0,0.0,0.0,4.21
2022-12-15,-1.1,4.4,1.6,1.96,1.83
2022-12-16,1.4,0.8,0.8,0.0,2.53
2022-12-17,8.2,1.8,1.8,0.0,1.25
2022-12-18,-1.5,0.0,0.0,0.0,2.03
2022-12-19,-5.3,0.0,0.0,0.0,4.05
2022-12-20,-3.2,0.2,0.0,0.14,3.88
2022-12-21,-0.3,0.2,0.0,0.14,2.86
2022-12-22,3.3,0.4,0.4,0.0,3.06
2022-12-23,5.3,0.0,0.0,0.0,1.99
2022-12-24,5.6,0.4,0.4,0.0,1.79
2022-12-25,4.7,4.1,4.1,0.0,1.22
2022-12-26,-0.0,0.7,0.0,0.49,3.36
2022-12-27,3.0,6.7,4.1,1.82,1.41
2022-12-28,0.8,0.1,0.1,0.0,2.44
2022-12-29,0.8,0.0,0.0,0.0,4.65
2022-12-30,1.0,0.0,0.0,0.0,4.05
2022-12-31,2.6,0.0,0.0,0.0,5.14
2023-01-01,7.2,0.0,0.0,0.0,4.36
2023-01-02,6.9,0.0,0.0,0.0,4.98
2023-01-03,6.0,0.0,0.0,0.0,4.01
2023-01-04,3.8,0.0,0.0,0.0,2.76
2023-01-05,3.1,3.0,3.0,0.0,0.83
2023-01-06,2.0,1.4,1.4,0.0,1.22
2023-01-07,-6.3,0.0,0.0,0.0,3.83
2023-01-08,-8.7,0.0,0.0,0.0,5.79
2023-01-09,-5.0,1.4,0.0,0.98,0.79
2023-01-10,-4.6,0.0,0.0,0.0,4.07
2023-01-11,-7.1,0.0,0.0,0.0,5.73
2023-01-12,-5.5,0.0,0.0,0.0,5.38
2023-01-13,-4.2,0.0,0.0,0.0,3.8
2023-01-14,-1.8,0.0,0.0,0.0,1.15
2023-01-15,-1.5,0.0,0.0,0.0,2.13
2023-01-16,0.6,0.0,0.0,0.0,1.25
2023-01-17,4.7,14.3,14.3,0.0,1.21
2023-01-18,8.3,1.1,1.1,0.0,1.96
2023-01-19,8.3,0.0,0.0,0.0,5.94
2023-01-20,6.2,0.0,0.0,0.0,5.64
2023-01-21,2.5,0.0,0.0,0.0,5.59
2023-01-22,0.8,0.0,0.0,0.0,3.18
2023-01-23,-0.9,0.0,0.0,0.0,1.49
2023-01-24,-1.5,0.0,0.0,0.0,3.85
2023-01-25,-1.6,0.0,0.0,0.0,3.15
2023-01-26,-2.8,0.0,0.0,0.0,7.2
2023-01-27,-1.6,0.0,0.0,0.0,6.6
2023-01-28,-2.2,0.1,0.0,0.07,2.46
2023-01-29,-3.6,0.1,0.0,0.07,2.72
2023-01-30,-2.3,0.0,0.0,0.0,7.05
2023-01-31,-2.2,1.7,0.0,1.19,2.64
2023-02-01,-0.9,0.2,0.0,0.14,4.69
2023-02-02,-0.2,0.7,0.1,0.42,5.14
2023-02-03,0.2,6.3,1.3,3.5,6.99
2023-02-04,-1.8,0.1,0.0,0.07,4.53
2023-02-05,-2.9,0.5,0.0,0.42,2.91
2023-02-06,-2.8,1.1,0.0,0.77,3.47
2023-02-07,-4.8,0.0,0.0,0.0,6.03
2023-02-08,-7.6,0.0,0.0,0.0,8.96
2023-02-09,-6.2,0.0,0.0,0.0,9.76
2023-02-10,-3.7,0.0,0.0,0.0,9.71
2023-02-11,-1.1,0.4,0.0,0.28,3.95
2023-02-12,-0.7,1.5,0.0,1.05,9.39
2023-02-13,-0.5,0.0,0.0,0.0,5.63
2023-02-14,1.7,1.7,1.5,0.14,4.14
2023-02-15,-0.5,0.0,0.0,0.0,5.92
2023-02-16,-1.6,0.3,0.0,0.21,7.5
2023-02-17,0.1,0.0,0.0,0.0,2.12
2023-02-18,2.7,3.4,1.2,1.54,6.0
2023-02-19,2.8,0.0,0.0,0.0,7.01
2023-02-20,1.3,1.7,0.1,1.12,10.85
2023-02-21,4.9,4.4,4.0,0.28,7.52
2023-02-22,-0.4,0.0,0.0,0.0,5.71
2023-02-23,-4.3,0.0,0.0,0.0,12.64
2023-02-24,-0.7,0.2,0.2,0.0,4.33
2023-02-25,5.7,0.3,0.3,0.0,5.95
2023-02-26,2.7,5.4,5.3,0.07,2.26
2023-02-27,1.2,10.3,6.8,2.45,1.88
2023-02-28,-0.8,0.0,0.0,0.0,10.2
2023-03-01,-0.2,0.0,0.0,0.0,10.8
2023-03-02,1.1,0.0,0.0,0.0,12.95
2023-03-03,1.8,0.1,0.1,0.0,6.12
2023-03-04,3.7,0.0,0.0,0.0,11.7
2023-03-05,-0.2,0.0,0.0,0.0,14.49
2023-03-06,0.1,0.0,0.0,0.0,12.11
2023-03-07,1.9,1.8,1.8,0.0,8.53
2023-03-08,5.7,0.1,0.1,0.0,10.85
2023-03-09,8.9,0.0,0.0,0.0,14.39
2023-03-10,6.7,0.0,0.0,0.0,10.63
2023-03-11,7.6,5.4,5.4,0.0,3.16
2023-03-12,3.2,2.1,2.1,0.0,8.69
2023-03-13,2.4,0.0,0.0,0.0,15.44
2023-03-14,4.3,0.0,0.0,0.0,15.4
2023-03-15,5.9,0.2,0.2,0.0,4.77
2023-03-16,6.7,0.3,0.3,0.0,6.41
2023-03-17,3.7,2.2,2.2,0.0,3.33
2023-03-18,4.3,0.0,0.0,0.0,5.67
2023-03-19,4.1,0.0,0.0,0.0,9.57
2023-03-20,4.7,0.0,0.0,0.0,15.4
2023-03-21,8.7,0.0,0.0,0.0,13.37
2023-03-22,9.1,0.1,0.1,0.0,15.21
2023-03-23,10.4,0.1,0.1,0.0,15.1
2023-03-24,12.5,0.0,0.0,0.0,11.53
2023-03-25,10.8,0.0,0.0,0.0,13.97
2023-03-26,8.7,2.0,2.0,0.0,5.11
2023-03-27,9.6,0.0,0.0,0.0,17.65
2023-03-28,5.5,10.8,10.8,0.0,2.24
2023-03-29,1.0,0.0,0.0,0.0,11.36
2023-03-30,1.6,0.0,0.0,0.0,18.53
2023-03-31,5.8,2.8,2.8,0.0,8.46
2023-04-01,8.6,0.9,0.9,0.0,10.22
2023-04-02,7.2,6.1,6.1,0.0,5.07
2023-04-03,7.7,0.8,0.8,0.0,5.16
2023-04-04,7.8,5.0,5.0,0.0,7.93
2023-04-05,11.4,10.0,10.0,0.0,11.73
2023-04-06,7.7,0.2,0.2,0.0,7.57
2023-04-07,6.9,0.1,0.1,0.0,16.87
2023-04-08,9.6,7.5,7.5,0.0,12.45
2023-04-09,9.0,4.3,4.3,0.0,8.38
2023-04-10,9.8,1.3,1.3,0.0,12.49
2023-04-11,10.2,4.0,4.0,0.0,8.65
2023-04-12,10.6,12.2,12.2,0.0,5.55
2023-04-13,10.8,1.5,1.5,0.0,9.86
2023-04-14,9.5,0.5,0.5,0.0,7.65
2023-04-15,9.0,0.1,0.1,0.0,11.71
2023-04-16,9.1,0.3,0.3,0.0,14.22
2023-04-17,9.8,0.1,0.1,0.0,19.38
2023-04-18,11.2,0.6,0.6,0.0,21.68
2023-04-19,10.9,5.9,5.9,0.0,13.03
2023-04-20,8.9,5.2,5.2,0.0,4.38
2023-04-21,8.0,0.2,0.2,0.0,5.4
2023-04-22,10.3,0.0,0.0,0.0,22.3
2023-04-23,11.3,0.2,0.2,0.0,20.34
2023-04-24,11.0,0.5,0.5,0.0,21.56
2023-04-25,12.0,0.2,0.2,0.0,22.67
2023-04-26,12.5,3.5,3.5,0.0,15.86
2023-04-27,10.2,4.8,4.8,0.0,8.57
2023-04-28,10.4,0.0,0.0,0.0,15.56
2023-04-29,10.3,0.1,0.1,0.0,18.85
2023-04-30,7.1,7.3,7.3,0.0,4.02
2023-05-01,10.0,0.2,0.2,0.0,22.33
2023-05-02,10.3,0.0,0.0,0.0,26.28
2023-05-03,12.8,0.0,0.0,0.0,25.76
2023-05-04,13.4,0.0,0.0,0.0,21.35
2023-05-05,14.5,0.0,0.0,0.0,22.57
2023-05-06,11.1,0.0,0.0,0.0,26.17
2023-05-07,9.6,0.0,0.0,0.0,18.5
2023-05-08,10.2,0.0,0.0,0.0,17.38
2023-05-09,10.1,0.2,0.2,0.0,17.83
2023-05-10,9.7,0.0,0.0,0.0,22.28
2023-05-11,10.3,0.1,0.1,0.0,17.87
2023-05-12,12.2,0.0,0.0,0.0,21.4
2023-05-13,14.9,0.0,0.0,0.0,24.68
2023-05-14,16.2,0.0,0.0,0.0,25.57
2023-05-15,17.9,0.0,0.0,0.0,24.31
2023-05-16,16.0,0.5,0.5,0.0,8.27
2023-05-17,18.7,0.0,0.0,0.0,22.65
2023-05-18,19.4,0.0,0.0,0.0,23.9
2023-05-19,20.2,0.1,0.1,0.0,25.54
2023-05-20,19.9,0.4,0.4,0.0,24.67
2023-05-21,18.0,0.0,0.0,0.0,26.06
2023-05-22,16.4,5.3,5.3,0.0,16.81
2023-05-23,17.8,0.3,0.3,0.0,19.85
2023-05-24,17.9,3.1,3.1,0.0,20.44
2023-05-25,17.6,5.5,5.5,0.0,16.46
2023-05-26,18.2,9.3,9.3,0.0,19.93
2023-05-27,18.8,2.4,2.4,0.0,20.35
2023-05-28,19.0,0.0,0.0,0.0,25.56
2023-05-29,18.7,0.0,0.0,0.0,26.36
2023-05-30,18.9,0.0,0.0,0.0,24.84
2023-05-31,19.2,0.0,0.0,0.0,22.64
2023-06-01,18.3,0.0,0.0,0.0,29.49
2023-06-02,21.1,0.0,0.0,0.0,29.0
2023-06-03,16.1,3.8,3.8,0.0,20.62
2023-06-04,14.5,0.0,0.0,0.0,30.3
2023-06-05,17.0,0.0,0.0,0.0,27.33
2023-06-06,19.7,0.0,0.0,0.0,17.96
2023-06-07,20.6,0.0,0.0,0.0,18.86
2023-06-08,21.2,0.0,0.0,0.0,22.63
2023-06-09,21.9,0.0,0.0,0.0,25.5
2023-06-10,23.1,0.0,0.0,0.0,23.92
2023-06-11,20.0,2.2,2.2,0.0,19.38
2023-06-12,14.5,3.1,3.1,0.0,7.81
2023-06-13,16.4,1.0,1.0,0.0,13.2
2023-06-14,19.2,0.0,0.0,0.0,16.45
2023-06-15,20.6,0.3,0.3,0.0,23.93
2023-06-16,21.8,0.0,0.0,0.0,26.96
2023-06-17,22.8,0.0,0.0,0.0,23.95
2023-06-18,24.4,0.0,0.0,0.0,27.18
2023-06-19,23.2,0.0,0.0,0.0,28.38
2023-06-20,23.3,0.0,0.0,0.0,26.93
2023-06-21,20.0,10.7,10.7,0.0,16.48
2023-06-22,22.8,0.2,0.2,0.0,25.66
2023-06-23,25.3,0.0,0.0,0.0,25.59
2023-06-24,24.7,2.4,2.4,0.0,22.98
2023-06-25,22.2,1.2,1.2,0.0,19.8
2023-06-26,20.3,1.4,1.4,0.0,23.62
2023-06-27,19.9,0.3,0.3,0.0,26.99
2023-06-28,18.5,1.9,1.9,0.0,11.24
2023-06-29,17.9,4.0,4.0,0.0,23.16
2023-06-30,20.0,0.6,0.6,0.0,22.24
2023-07-01,22.2,0.1,0.1,0.0,26.39
2023-07-02,24.4,0.0,0.0,0.0,26.48
2023-07-03,22.1,16.8,16.8,0.0,22.47
2023-07-04,23.3,0.2,0.2,0.0,26.33
2023-07-05,25.6,0.0,0.0,0.0,26.69
2023-07-06,27.0,0.3,0.3,0.0,24.8
2023-07-07,24.9,1.3,1.3,0.0,21.1
2023-07-08,21.2,5.6,5.6,0.0,17.8
2023-07-09,20.5,1.6,1.6,0.0,20.46
2023-07-10,19.1,1.2,1.2,0.0,25.15
2023-07-11,18.0,1.9,1.9,0.0,23.31
2023-07-12,18.4,0.0,0.0,0.0,21.91
2023-07-13,22.0,1.1,1.1,0.0,22.91
2023-07-14,22.2,7.5,7.5,0.0,20.94
2023-07-15,20.9,0.0,0.0,0.0,25.99
2023-07-16,21.8,0.0,0.0,0.0,27.02
2023-07-17,24.3,0.1,0.1,0.0,24.96
2023-07-18,23.6,1.4,1.4,0.0,21.7
2023-07-19,21.4,0.0,0.0,0.0,23.65
2023-07-20,20.7,1.7,1.7,0.0,14.82
2023-07-21,20.3,0.0,0.0,0.0,23.62
2023-07-22,20.0,0.1,0.1,0.0,14.62
2023-07-23,19.9,0.0,0.0,0.0,23.34
2023-07-24,21.5,0.0,0.0,0.0,26.14
2023-07-25,24.9,0.0,0.0,0.0,24.97
2023-07-26,25.6,0.0,0.0,0.0,21.64
2023-07-27,20.9,28.6,28.6,0.0,13.09
2023-07-28,18.0,1.6,1.6,0.0,16.13
2023-07-29,20.1,0.1,0.1,0.0,22.0
2023-07-30,22.4,0.0,0.0,0.0,22.6
2023-07-31,21.3,7.9,7.9,0.0,16.05
2023-08-01,21.3,3.5,3.5,0.0,20.71
2023-08-02,22.7,0.1,0.1,0.0,21.25
2023-08-03,22.7,0.0,0.0,0.0,24.48
2023-08-04,25.2,0.0,0.0,0.0,24.49
2023-08-05,26.7,0.0,0.0,0.0,23.7
2023-08-06,28.7,0.0,0.0,0.0,25.21
2023-08-07,23.6,2.0,2.0,0.0,21.51
2023-08-08,19.3,17.7,17.7,0.0,18.73
2023-08-09,18.7,0.0,0.0,0.0,21.69
2023-08-10,19.9,0.8,0.8,0.0,19.22
2023-08-11,19.8,2.0,2.0,0.0,11.67
2023-08-12,20.0,0.4,0.4,0.0,22.54
2023-08-13,20.2,0.0,0.0,0.0,22.43
2023-08-14,22.3,0.0,0.0,0.0,24.17
2023-08-15,23.5,0.0,0.0,0.0,23.66
2023-08-16,23.8,0.0,0.0,0.0,22.85
2023-08-17,23.8,0.0,0.0,0.0,21.24
2023-08-18,23.4,0.0,0.0,0.0,23.23
2023-08-19,25.5,0.0,0.0,0.0,21.69
2023-08-20,26.0,0.1,0.1,0.0,21.03
2023-08-21,24.8,0.9,0.9,0.0,19.08
2023-08-22,23.0,1.1,1.1,0.0,21.01
2023-08-23,20.9,0.0,0.0,0.0,20.42
2023-08-24,21.7,0.0,0.0,0.0,18.32
2023-08-25,22.1,0.0,0.0,0.0,17.51
2023-08-26,24.2,0.1,0.1,0.0,19.11
2023-08-27,24.9,0.0,0.0,0.0,19.51
2023-08-28,26.6,0.0,0.0,0.0,19.36
2023-08-29,26.6,5.7,5.7,0.0,17.68
2023-08-30,24.6,0.0,0.0,0.0,20.91
2023-08-31,23.4,0.0,0.0,0.0,18.2
2023-09-01,21.5,3.7,3.7,0.0,16.64
2023-09-02,20.2,0.0,0.0,0.0,19.9
2023-09-03,20.5,0.0,0.0,0.0,17.72
2023-09-04,20.6,0.0,0.0,0.0,20.22
2023-09-05,19.7,0.0,0.0,0.0,14.28
2023-09-06,19.8,0.0,0.0,0.0,19.62
2023-09-07,19.0,0.0,0.0,0.0,18.9
2023-09-08,16.4,0.0,0.0,0.0,19.93
2023-09-09,15.7,0.0,0.0,0.0,19.71
2023-09-10,14.2,0.0,0.0,0.0,19.78
2023-09-11,16.3,0.0,0.0,0.0,18.67
2023-09-12,18.2,0.0,0.0,0.0,17.7
2023-09-13,19.9,0.0,0.0,0.0,17.78
2023-09-14,19.0,7.5,7.5,0.0,14.14
2023-09-15,19.1,7.4,7.4,0.0,13.71
2023-09-16,17.0,0.0,0.0,0.0,18.18
2023-09-17,16.8,0.0,0.0,0.0,16.38
2023-09-18,17.5,0.0,0.0,0.0,17.94
2023-09-19,18.6,0.0,0.0,0.0,17.8
2023-09-20,18.4,0.0,0.0,0.0,9.85
2023-09-21,19.3,0.0,0.0,0.0,16.96
2023-09-22,20.5,0.0,0.0,0.0,16.43
2023-09-23,20.6,0.0,0.0,0.0,16.33
2023-09-24,20.7,0.0,0.0,0.0,16.47
2023-09-25,20.3,0.0,0.0,0.0,16.5
2023-09-26,20.2,0.0,0.0,0.0,16.2
2023-09-27,20.4,0.0,0.0,0.0,15.97
2023-09-28,20.4,0.0,0.0,0.0,15.9
2023-09-29,19.9,0.0,0.0,0.0,15.56
2023-09-30,18.9,0.0,0.0,0.0,14.73
2023-10-01,18.2,0.0,0.0,0.0,13.03
2023-10-02,14.4,0.2,0.2,0.0,11.06
2023-10-03,13.0,0.0,0.0,0.0,14.21
2023-10-04,16.4,0.1,0.1,0.0,14.26
2023-10-05,14.2,0.0,0.0,0.0,13.83
2023-10-06,13.4,0.0,0.0,0.0,12.81
2023-10-07,14.6,0.7,0.7,0.0,6.72
2023-10-08,10.4,5.4,5.4,0.0,3.12
2023-10-09,6.8,0.0,0.0,0.0,9.12
2023-10-10,5.6,0.0,0.0,0.0,11.74
2023-10-11,6.5,0.0,0.0,0.0,12.92
2023-10-12,13.0,0.0,0.0,0.0,12.56
2023-10-13,12.0,2.6,2.6,0.0,5.06
2023-10-14,13.9,0.0,0.0,0.0,10.41
2023-10-15,15.9,6.8,6.8,0.0,6.01
2023-10-16,7.4,15.7,15.7,0.0,5.09
2023-10-17,5.8,0.0,0.0,0.0,10.19
2023-10-18,6.2,0.0,0.0,0.0,11.09
2023-10-19,9.5,0.0,0.0,0.0,10.68
2023-10-20,16.6,0.8,0.8,0.0,8.0
2023-10-21,18.1,0.0,0.0,0.0,10.19
2023-10-22,16.3,0.0,0.0,0.0,10.7
2023-10-23,15.7,0.0,0.0,0.0,9.82
2023-10-24,11.2,0.0,0.0,0.0,10.05
2023-10-25,11.8,31.4,31.4,0.0,1.07
2023-10-26,13.6,3.7,3.7,0.0,7.31
2023-10-27,14.9,0.2,0.2,0.0,8.99
2023-10-28,14.2,1.2,1.2,0.0,8.45
2023-10-29,10.8,0.0,0.0,0.0,9.08
2023-10-30,14.1,0.0,0.0,0.0,9.17
2023-10-31,15.2,0.0,0.0,0.0,9.41
2023-11-01,13.7,4.3,4.3,0.0,3.24
2023-11-02,8.8,0.0,0.0,0.0,8.41
2023-11-03,9.3,0.0,0.0,0.0,7.68
2023-11-04,15.3,2.2,2.2,0.0,1.89
2023-11-05,14.2,4.7,4.7,0.0,6.86
2023-11-06,12.9,0.3,0.3,0.0,8.32
2023-11-07,10.0,0.0,0.0,0.0,8.4
2023-11-08,10.3,10.4,10.4,0.0,1.19
2023-11-09,6.7,0.3,0.3,0.0,6.29
2023-11-10,6.4,0.0,0.0,0.0,7.97
2023-11-11,9.2,35.5,35.5,0.0,0.91
2023-11-12,8.8,9.1,9.1,0.0,1.58
2023-11-13,5.8,0.0,0.0,0.0,6.06
2023-11-14,4.7,3.3,3.3,0.0,3.46
2023-11-15,7.0,0.0,0.0,0.0,4.26
2023-11-16,5.9,3.5,3.5,0.0,2.55
2023-11-17,3.6,0.0,0.0,0.0,3.43
2023-11-18,2.9,0.2,0.2,0.0,2.03
2023-11-19,-0.2,0.6,0.0,0.42,1.8
2023-11-20,-0.6,1.8,0.0,1.26,2.65
2023-11-21,-1.1,0.0,0.0,0.0,5.07
2023-11-22,-1.1,5.2,0.1,3.57,0.99
2023-11-23,-2.2,0.3,0.0,0.21,4.41
2023-11-24,4.1,0.6,0.6,0.0,4.69
2023-11-25,0.6,1.0,0.3,0.49,3.46
2023-11-26,-0.2,24.3,0.8,16.45,0.57
2023-11-27,-3.1,7.5,0.0,5.25,4.55
2023-11-28,-1.7,2.6,2.6,0.0,5.92
2023-11-29,2.0,8.3,7.1,0.84,1.77
2023-11-30,-3.0,0.0,0.0,0.0,6.11
2023-12-01,3.9,6.8,6.8,0.0,2.24
2023-12-02,3.2,1.1,1.1,0.0,2.7
2023-12-03,3.7,0.0,0.0,0.0,5.47
2023-12-04,-1.5,0.0,0.0,0.0,2.51
2023-12-05,-3.2,0.0,0.0,0.0,3.22
2023-12-06,-2.6,0.1,0.0,0.07,5.33
2023-12-07,-1.9,1.4,0.2,0.84,1.08
2023-12-08,-1.4,9.6,0.1,6.65,0.99
2023-12-09,-1.9,0.0,0.0,0.0,2.37
2023-12-10,-1.3,0.7,0.7,0.0,2.15
2023-12-11,0.6,1.1,1.1,0.0,1.81
2023-12-12,0.2,0.1,0.1,0.0,1.94
2023-12-13,1.2,4.8,3.3,1.05,1.43
2023-12-14,3.2,8.8,3.9,3.43,0.99
2023-12-15,-1.6,0.0,0.0,0.0,2.25
2023-12-16,-0.8,0.1,0.1,0.0,2.65
2023-12-17,2.2,1.3,1.3,0.0,0.96
2023-12-18,4.6,2.8,2.8,0.0,1.3
2023-12-19,4.2,0.0,0.0,0.0,1.87
2023-12-20,4.5,0.0,0.0,0.0,5.11
2023-12-21,1.7,0.0,0.0,0.0,2.58
2023-12-22,2.0,1.8,1.8,0.0,2.07
2023-12-23,-1.1,0.4,0.0,0.28,3.82
2023-12-24,-0.8,0.0,0.0,0.0,3.2
2023-12-25,2.3,3.3,1.5,1.26,1.24
2023-12-26,7.7,0.8,0.8,0.0,3.75
2023-12-27,5.3,0.1,0.1,0.0,4.22
2023-12-28,0.9,0.0,0.0,0.0,4.96
2023-12-29,2.6,0.0,0.0,0.0,3.9
2023-12-30,3.7,0.0,0.0,0.0,4.99
2023-12-31,2.1,0.0,0.0,0.0,3.48
2024-01-01,3.1,0.2,0.2,0.0,4.02
2024-01-02,4.5,0.4,0.4,0.0,2.82
2024-01-03,0.4,1.7,1.7,0.0,2.35
2024-01-04,4.1,2.1,2.1,0.0,3.61
2024-01-05,2.5,0.9,0.9,0.0,2.73
2024-01-06,0.2,0.0,0.0,0.0,4.49
2024-01-07,-1.8,17.3,4.5,8.96,1.18
2024-01-08,-8.8,8.2,0.1,5.67,1.77
2024-01-09,-11.3,0.0,0.0,0.0,5.58
2024-01-10,-3.3,0.0,0.0,0.0,1.79
2024-01-11,-2.1,0.8,0.1,0.49,1.61
2024-01-12,-9.9,0.3,0.0,0.21,3.12
2024-01-13,-8.4,2.7,0.0,1.89,1.64
2024-01-14,-3.8,2.9,0.0,2.03,3.23
2024-01-15,-2.2,0.0,0.0,0.0,6.05
2024-01-16,-1.5,4.1,0.1,2.8,6.27
2024-01-17,-6.7,0.0,0.0,0.0,6.18
2024-01-18,3.5,5.5,5.2,0.21,2.03
2024-01-19,1.7,8.5,4.9,2.52,1.98
2024-01-20,-2.6,0.9,0.0,0.63,3.94
2024-01-21,-1.5,0.3,0.0,0.21,3.24
2024-01-22,-2.5,0.0,0.0,0.0,3.29
2024-01-23,-2.3,0.0,0.0,0.0,3.44
2024-01-24,-0.2,1.0,0.0,0.7,2.39
2024-01-25,1.2,5.0,2.1,2.03,2.07
2024-01-26,1.1,0.9,0.9,0.0,3.57
2024-01-27,0.5,1.6,0.7,0.63,1.79
2024-01-28,0.4,0.2,0.2,0.0,1.63
2024-01-29,-0.6,0.0,0.0,0.0,6.04
2024-01-30,-2.2,0.0,0.0,0.0,7.72
2024-01-31,-0.6,0.0,0.0,0.0,5.88
2024-02-01,,,,,
